"Date ","series ","OPEN ","HIGH ","LOW ","PREV. CLOSE ","ltp ","close ","vwap ","52W H ","52W L ","VOLUME ","VALUE ","No of trades "
"05-Feb-2021","EQ","1,034.30","1,041.10","995.60","1,028.75","999.55","1,003.55","1,015.04","1,044.00","320.00",80586,"81,798,075.50",6095
"04-Feb-2021","EQ","999.90","1,038.00","997.95","996.75","1,035.00","1,028.75","1,022.85","1,044.00","320.00",135193,"138,282,360.70",5824
"03-Feb-2021","EQ","988.50","1,044.00","987.50","983.70","990.00","996.75","1,021.49","1,044.00","320.00",230839,"235,799,906.65",12110
"02-Feb-2021","EQ","979.90","1,010.00","965.10","978.40","985.00","983.70","985.91","1,034.40","320.00",56947,"56,144,570.65",4976
"01-Feb-2021","EQ","980.25","994.90","941.00","988.05","979.85","978.40","973.24","1,034.40","320.00",83091,"80,867,188.80",8764
"29-Jan-2021","EQ","979.00","1,022.00","973.65","976.40","980.25","988.05","991.58","1,034.40","320.00",208816,"207,058,324.20",9397
"28-Jan-2021","EQ","974.90","1,014.95","962.35","977.40","975.05","976.40","992.11","1,034.40","320.00",150298,"149,112,485.55",5140
"27-Jan-2021","EQ","978.90","994.45","971.00","975.70","974.90","977.40","980.01","1,034.40","320.00",86625,"84,893,284.20",6506
"25-Jan-2021","EQ","994.30","1,009.95","959.25","993.05","975.00","975.70","986.89","1,034.40","320.00",59847,"59,062,152.70",6270
"22-Jan-2021","EQ","1,000.00","1,018.00","986.70","1,003.00","994.30","993.05","1,000.05","1,034.40","320.00",72487,"72,490,928.60",5062
"21-Jan-2021","EQ","988.85","1,029.00","977.90","977.50","1,003.70","1,003.00","1,002.61","1,034.40","320.00",96463,"96,714,928.15",5915
"20-Jan-2021","EQ","965.10","991.35","965.05","965.55","973.25","977.50","980.77","1,034.40","320.00",63865,"62,637,180.95",2064
"19-Jan-2021","EQ","1,000.00","1,000.00","960.00","979.55","965.10","965.55","979.45","1,034.40","320.00",79702,"78,064,104.70",3018
"18-Jan-2021","EQ","1,004.00","1,019.05","952.05","1,011.20","978.00","979.55","986.93","1,034.40","320.00",169075,"166,865,202.20",9699
"15-Jan-2021","EQ","1,001.90","1,034.40","984.05","1,002.75","1,008.80","1,011.20","1,011.26","1,034.40","320.00",195857,"198,062,312.00",10879
"14-Jan-2021","EQ","986.80","1,019.55","979.10","971.10","996.15","1,002.75","1,001.24","1,019.55","320.00",398738,"399,231,839.85",18364
"13-Jan-2021","EQ","939.40","979.95","931.50","935.20","971.00","971.10","955.99","979.95","320.00",169234,"161,786,544.25",8786
"12-Jan-2021","EQ","916.00","949.35","909.00","922.30","935.30","935.20","934.15","949.35","320.00",89660,"83,755,498.00",5120
"11-Jan-2021","EQ","924.00","941.00","907.95","914.75","920.00","922.30","924.57","941.00","320.00",109248,"101,006,981.80",5341
"08-Jan-2021","EQ","907.40","922.00","903.05","901.35","915.00","914.75","912.13","933.70","320.00",81999,"74,793,944.00",3594
"07-Jan-2021","EQ","904.80","921.95","895.50","903.80","897.00","901.35","905.36","933.70","320.00",109868,"99,469,717.85",9474
"06-Jan-2021","EQ","913.80","933.70","887.00","905.60","901.00","903.80","914.09","933.70","320.00",102531,"93,722,830.60",5223
"05-Jan-2021","EQ","878.00","931.40","865.05","883.35","905.10","905.60","909.87","931.40","320.00",250212,"227,660,057.70",16209
"04-Jan-2021","EQ","886.15","893.00","873.00","886.15","882.60","883.35","883.12","928.00","320.00",46701,"41,242,793.40",3101
"01-Jan-2021","EQ","889.90","898.40","876.00","883.30","883.20","886.15","888.04","928.00","320.00",39609,"35,174,394.45",2658
"31-Dec-2020","EQ","901.40","906.00","871.80","901.45","883.00","883.30","890.35","928.00","320.00",35932,"31,991,943.15",2506
"30-Dec-2020","EQ","910.00","910.35","892.90","908.85","894.00","901.45","900.51","928.00","320.00",63726,"57,386,181.60",4920
"29-Dec-2020","EQ","899.90","928.00","870.00","893.70","908.00","908.85","907.61","928.00","320.00",303747,"275,683,274.10",14962
"28-Dec-2020","EQ","878.10","906.95","872.00","878.05","895.50","893.70","894.93","906.95","320.00",189595,"169,675,133.70",8699
"24-Dec-2020","EQ","890.00","905.00","851.00","868.50","878.00","878.05","880.16","905.00","320.00",413940,"364,331,822.35",18365
"23-Dec-2020","EQ","775.00","880.00","773.65","769.45","874.35","868.50","844.98","880.00","320.00",817265,"690,570,417.85",30617
"22-Dec-2020","EQ","745.00","773.85","718.10","736.60","770.35","769.45","751.29","844.00","320.00",117005,"87,904,998.75",8972
"21-Dec-2020","EQ","792.05","800.00","725.00","798.40","729.85","736.60","764.56","844.00","320.00",112528,"86,033,892.85",8619
"18-Dec-2020","EQ","814.80","818.75","791.25","805.45","796.00","798.40","802.61","844.00","320.00",91880,"73,743,825.50",5197
"17-Dec-2020","EQ","818.80","822.00","795.55","815.70","801.75","805.45","812.73","844.00","320.00",51662,"41,987,140.90",2907
"16-Dec-2020","EQ","825.00","830.90","805.00","817.35","813.00","815.70","819.33","844.00","320.00",111056,"90,991,268.85",5122
"15-Dec-2020","EQ","818.90","826.45","805.10","814.50","821.00","817.35","817.39","844.00","320.00",98200,"80,267,483.40",3953
"14-Dec-2020","EQ","830.00","844.00","810.80","808.90","814.00","814.50","825.28","844.00","320.00",189609,"156,480,763.95",8002
"11-Dec-2020","EQ","799.05","834.00","799.00","802.15","807.00","808.90","818.51","834.00","320.00",241617,"197,766,334.45",10904
"10-Dec-2020","EQ","817.00","817.00","787.00","817.35","798.00","802.15","800.16","829.50","320.00",168056,"134,470,923.75",10215
"09-Dec-2020","EQ","781.00","822.05","781.00","774.50","817.00","817.35","810.06","829.50","320.00",329894,"267,232,877.70",14932
"08-Dec-2020","EQ","794.70","819.00","770.00","787.80","779.95","774.50","793.18","829.50","320.00",221375,"175,590,940.95",15086
"07-Dec-2020","EQ","785.00","804.00","785.00","785.00","787.10","787.80","794.75","829.50","320.00",88243,"70,131,120.10",6183
"04-Dec-2020","EQ","800.00","829.50","780.00","789.80","781.00","785.00","805.97","829.50","320.00",524013,"422,336,772.95",31519
"03-Dec-2020","EQ","725.00","799.20","717.05","720.05","790.00","789.80","767.17","812.00","320.00",699786,"536,857,798.85",34089
"02-Dec-2020","EQ","730.00","737.50","715.00","728.90","728.20","720.05","723.55","812.00","320.00",33755,"24,423,377.20",2477
"01-Dec-2020","EQ","725.10","734.80","722.00","724.65","730.00","728.90","730.52","812.00","320.00",54020,"39,462,821.80",4082
"27-Nov-2020","EQ","715.00","738.00","712.60","714.20","720.40","724.65","727.90","812.00","320.00",97648,"71,078,349.90",5674
"26-Nov-2020","EQ","717.10","717.70","710.55","715.70","714.25","714.20","713.92","812.00","320.00",17085,"12,197,405.85",1136
"25-Nov-2020","EQ","717.00","721.60","710.00","716.75","716.05","715.70","715.46","812.00","320.00",34531,"24,705,510.85",2164
"24-Nov-2020","EQ","719.80","723.00","709.00","716.50","715.00","716.75","714.85","812.00","320.00",74015,"52,909,807.60",1821
"23-Nov-2020","EQ","720.00","727.90","714.05","713.90","716.45","716.50","720.01","812.00","320.00",55220,"39,759,019.85",3744
"20-Nov-2020","EQ","711.00","723.15","708.00","710.70","712.00","713.90","714.77","812.00","320.00",40599,"29,018,987.75",2400
"19-Nov-2020","EQ","714.95","717.10","708.00","708.40","709.05","710.70","711.94","812.00","320.00",31952,"22,747,965.90",4167
"18-Nov-2020","EQ","719.90","719.90","707.00","716.40","709.40","708.40","711.17","812.00","320.00",33703,"23,968,396.70",3152
"17-Nov-2020","EQ","724.00","724.00","712.35","719.05","717.65","716.40","717.29","812.00","320.00",34038,"24,415,029.70",4163
"14-Nov-2020","EQ","716.00","722.95","714.55","714.50","718.00","719.05","719.42","812.00","320.00",13903,"10,002,092.75",790
"13-Nov-2020","EQ","708.65","719.00","698.00","708.65","715.25","714.50","713.08","812.00","320.00",221677,"158,073,409.45",4154
"12-Nov-2020","EQ","713.00","719.45","705.55","711.90","709.00","708.65","715.56","812.00","320.00",163248,"116,813,046.20",3493
"11-Nov-2020","EQ","710.10","718.55","706.20","711.60","713.00","711.90","711.73","812.00","320.00",39062,"27,801,454.05",2405
"10-Nov-2020","EQ","730.00","730.00","706.10","729.70","709.00","711.60","713.36","812.00","320.00",51286,"36,585,584.70",5002
"09-Nov-2020","EQ","720.00","736.00","712.80","712.25","732.90","729.70","726.89","812.00","320.00",103018,"74,882,423.65",9960
"06-Nov-2020","EQ","745.00","767.00","703.00","713.90","711.70","712.25","726.35","812.00","320.00",296117,"215,085,554.60",15574
"05-Nov-2020","EQ","680.00","722.00","680.00","675.40","721.05","713.90","703.18","812.00","320.00",83600,"58,786,060.45",5016
"04-Nov-2020","EQ","673.20","683.30","670.65","673.20","676.00","675.40","675.35","812.00","320.00",15938,"10,763,725.05",2164
"03-Nov-2020","EQ","683.00","688.00","669.00","672.10","670.95","673.20","677.86","812.00","320.00",20967,"14,212,774.20",1913
"02-Nov-2020","EQ","684.00","699.00","670.00","693.10","670.25","672.10","677.61","812.00","320.00",28746,"19,478,651.90",3270
"30-Oct-2020","EQ","672.50","699.90","672.50","672.20","697.50","693.10","688.18","812.00","320.00",34545,"23,773,288.70",1922
"29-Oct-2020","EQ","695.00","695.00","670.05","695.15","671.50","672.20","677.98","812.00","320.00",29550,"20,034,218.90",3331
"28-Oct-2020","EQ","702.00","708.90","691.00","703.45","695.65","695.15","699.75","812.00","320.00",32837,"22,977,845.25",2973
"27-Oct-2020","EQ","705.10","711.05","697.00","710.00","706.00","703.45","702.51","812.00","320.00",84951,"59,678,772.20",4878
"26-Oct-2020","EQ","710.00","718.00","705.00","720.00","709.85","710.00","710.02","812.00","320.00",20329,"14,434,038.45",1659
"23-Oct-2020","EQ","717.55","724.00","715.45","717.55","720.00","720.00","720.52","812.00","320.00",23798,"17,147,014.75",2204
"22-Oct-2020","EQ","714.95","723.90","709.10","715.45","717.10","717.55","716.19","812.00","320.00",35987,"25,773,594.30",2334
"21-Oct-2020","EQ","720.00","729.25","711.00","715.55","716.35","715.45","720.14","812.00","320.00",93416,"67,272,991.45",5256
"20-Oct-2020","EQ","703.00","719.00","696.55","702.75","717.20","715.55","707.75","812.00","320.00",53538,"37,891,265.75",3127
"19-Oct-2020","EQ","708.60","710.50","697.85","700.25","702.50","702.75","704.45","812.00","320.00",32004,"22,545,369.45",2383
"16-Oct-2020","EQ","712.95","719.40","695.25","701.05","699.60","700.25","705.17","812.00","320.00",61846,"43,611,640.60",4613
"15-Oct-2020","EQ","724.00","731.00","698.00","721.25","702.00","701.05","715.27","812.00","320.00",76219,"54,517,336.50",6613
"14-Oct-2020","EQ","716.85","731.75","697.90","710.85","719.85","721.25","718.84","812.00","320.00",147826,"106,263,157.20",10912
"13-Oct-2020","EQ","714.00","719.95","707.10","709.40","711.00","710.85","711.97","812.00","320.00",55760,"39,699,420.55",5164
"12-Oct-2020","EQ","718.95","730.00","705.20","715.40","710.00","709.40","715.77","812.00","320.00",221772,"158,737,738.40",6136
"09-Oct-2020","EQ","725.05","731.90","711.60","721.35","713.00","715.40","717.95","812.00","320.00",58812,"42,224,096.25",5915
"08-Oct-2020","EQ","731.00","751.70","711.60","717.35","715.35","721.35","734.28","812.00","320.00",245828,"180,507,011.05",13285
"07-Oct-2020","EQ","722.00","734.85","712.20","717.80","714.75","717.35","723.71","812.00","320.00",94223,"68,190,439.45",6593
"06-Oct-2020","EQ","730.00","734.00","710.00","725.55","720.00","717.80","721.44","812.00","320.00",71011,"51,230,076.10",5464
"05-Oct-2020","EQ","707.00","734.50","706.00","697.45","725.00","725.55","723.92","812.00","320.00",146488,"106,045,247.50",10016
"01-Oct-2020","EQ","708.00","713.70","695.80","701.10","698.00","697.45","704.57","812.00","320.00",40182,"28,311,021.35",3905
"30-Sep-2020","EQ","718.00","718.00","700.00","713.70","702.50","701.10","706.46","812.00","320.00",49283,"34,816,518.60",4015
"29-Sep-2020","EQ","722.00","737.70","704.10","714.00","712.50","713.70","720.90","812.00","320.00",116311,"83,849,047.10",9258
"28-Sep-2020","EQ","712.05","723.95","705.00","708.10","712.00","714.00","714.72","812.00","320.00",43274,"30,928,728.25",4906
"25-Sep-2020","EQ","701.00","714.95","696.70","688.70","709.60","708.10","704.95","812.00","320.00",68883,"48,559,257.65",5202
"24-Sep-2020","EQ","683.10","713.85","670.00","693.50","693.60","688.70","696.39","812.00","320.00",114617,"79,818,541.90",9389
"23-Sep-2020","EQ","716.90","725.00","690.00","716.90","692.00","693.50","703.24","812.00","320.00",106277,"74,738,375.00",9521
"22-Sep-2020","EQ","736.00","739.90","690.00","735.20","717.15","716.90","716.40","812.00","320.00",61933,"44,369,026.80",7052
"21-Sep-2020","EQ","778.00","785.00","729.40","773.70","739.90","735.20","762.63","812.00","320.00",118711,"90,532,907.35",9480
"18-Sep-2020","EQ","773.40","782.00","743.20","766.65","775.95","773.70","769.80","812.00","320.00",146017,"112,403,680.60",14947
"17-Sep-2020","EQ","779.00","793.20","762.15","785.15","764.00","766.65","775.64","812.00","320.00",95031,"73,709,409.80",10005
"16-Sep-2020","EQ","779.40","793.00","770.15","768.90","785.00","785.15","783.41","812.00","320.00",115566,"90,535,576.45",8073
"15-Sep-2020","EQ","775.00","780.00","760.00","770.85","768.00","768.90","771.51","812.00","320.00",58627,"45,231,382.60",5996
"14-Sep-2020","EQ","741.00","776.60","740.00","731.80","771.05","770.85","765.57","812.00","320.00",164924,"126,260,903.85",19538
"11-Sep-2020","EQ","715.00","736.00","713.00","711.85","725.85","731.80","725.57","812.00","320.00",69003,"50,066,555.20",9104
"10-Sep-2020","EQ","712.05","722.00","705.25","705.00","714.75","711.85","714.61","812.00","320.00",31698,"22,651,845.30",3893
"09-Sep-2020","EQ","710.00","717.80","695.10","709.20","705.30","705.00","703.53","812.00","320.00",93441,"65,738,725.20",4263
"08-Sep-2020","EQ","727.70","739.40","705.85","721.10","708.75","709.20","719.06","812.00","320.00",65412,"47,035,160.65",4562
"07-Sep-2020","EQ","739.50","745.20","711.10","733.50","722.65","721.10","724.67","812.00","320.00",39264,"28,453,413.35",4363
"04-Sep-2020","EQ","735.00","754.00","725.00","758.60","737.00","733.50","739.36","812.00","320.00",104874,"77,539,522.60",5486
"03-Sep-2020","EQ","746.90","770.00","741.90","738.75","760.00","758.60","758.93","812.00","320.00",122901,"93,272,910.60",7339
"02-Sep-2020","EQ","704.90","744.85","700.60","693.35","742.00","738.75","727.77","812.00","320.00",150174,"109,292,078.45",11331
"01-Sep-2020","EQ","710.00","749.00","675.00","704.15","699.50","693.35","711.88","812.00","320.00",149277,"106,266,670.50",10579
"31-Aug-2020","EQ","775.00","777.85","697.20","771.60","708.50","704.15","724.70","812.00","320.00",158185,"114,636,553.30",11773
"28-Aug-2020","EQ","794.30","795.10","770.00","786.60","772.00","771.60","778.58","812.00","320.00",63381,"49,347,132.50",5611
"27-Aug-2020","EQ","783.95","799.95","770.00","777.45","787.15","786.60","788.12","812.00","320.00",142485,"112,295,714.25",9294
"26-Aug-2020","EQ","770.80","786.00","751.55","764.60","777.00","777.45","771.64","812.00","320.00",147375,"113,721,086.80",13383
"25-Aug-2020","EQ","810.00","812.00","763.40","795.50","764.55","764.60","781.02","812.00","320.00",261948,"204,587,190.95",19220
"24-Aug-2020","EQ","780.00","809.00","768.15","736.70","800.00","795.50","793.47","809.00","320.00",568195,"450,848,090.30",27031
"21-Aug-2020","EQ","718.00","749.45","714.50","713.05","736.75","736.70","732.56","749.45","320.00",364350,"266,909,385.70",18799
"20-Aug-2020","EQ","684.00","724.00","683.00","682.85","713.00","713.05","712.09","735.00","320.00",226397,"161,215,940.40",17400
"19-Aug-2020","EQ","704.00","715.00","676.50","695.30","685.00","682.85","699.91","735.00","320.00",132086,"92,448,210.65",9380
"18-Aug-2020","EQ","703.60","724.00","690.10","715.10","696.95","695.30","706.17","735.00","320.00",141471,"99,902,270.30",8693
"17-Aug-2020","EQ","676.15","727.00","657.10","675.95","713.55","715.10","704.50","735.00","320.00",621815,"438,070,828.95",34198
"14-Aug-2020","EQ","648.00","735.00","632.00","623.15","673.25","675.95","688.88","735.00","320.00",1784615,"1,229,383,957.20",79196
"13-Aug-2020","EQ","544.50","623.15","544.50","519.30","623.15","623.15","600.46","709.90","320.00",674880,"405,241,370.05",16453
"12-Aug-2020","EQ","514.90","536.85","512.00","512.00","523.00","519.30","525.78","709.90","320.00",186319,"97,962,692.95",10789
"11-Aug-2020","EQ","494.70","520.95","494.70","489.90","515.65","512.00","511.79","709.90","320.00",215825,"110,457,066.15",8163
"10-Aug-2020","EQ","484.50","498.80","481.20","481.05","495.90","489.90","491.04","709.90","320.00",139290,"68,396,412.75",13408
"07-Aug-2020","EQ","470.00","488.40","469.00","467.50","480.70","481.05","479.86","709.90","320.00",359825,"172,665,342.20",12831
"06-Aug-2020","EQ","468.00","483.05","460.55","466.35","468.25","467.50","470.04","709.90","320.00",122455,"57,559,245.20",9400
"05-Aug-2020","EQ","475.00","479.90","463.15","473.40","467.70","466.35","470.66","709.90","320.00",84513,"39,776,677.10",4557
"04-Aug-2020","EQ","479.00","483.45","467.00","479.70","475.90","473.40","472.51","709.90","320.00",44216,"20,892,557.40",5523
"03-Aug-2020","EQ","480.05","484.40","476.05","480.05","478.80","479.70","479.72","709.90","320.00",51223,"24,572,630.00",4764
"31-Jul-2020","EQ","465.00","482.00","465.00","466.40","482.00","480.05","477.98","709.90","320.00",163155,"77,984,423.80",12588
"30-Jul-2020","EQ","478.10","483.00","464.00","477.75","464.80","466.40","471.70","709.90","320.00",37590,"17,731,132.00",3522
"29-Jul-2020","EQ","480.00","484.30","475.15","478.35","478.00","477.75","478.85","709.90","320.00",46510,"22,271,155.65",3734
"28-Jul-2020","EQ","489.00","489.00","476.50","481.25","478.00","478.35","482.55","709.90","320.00",67876,"32,753,374.20",7734
"27-Jul-2020","EQ","476.60","488.90","476.60","476.60","481.80","481.25","483.01","709.90","320.00",104831,"50,634,265.25",15712
"24-Jul-2020","EQ","478.05","489.90","472.00","482.80","476.00","476.60","479.77","709.90","320.00",117446,"56,346,572.05",4862
"23-Jul-2020","EQ","496.00","504.80","480.00","497.00","480.30","482.80","487.43","709.90","320.00",222753,"108,576,728.10",7643
"22-Jul-2020","EQ","523.00","534.90","493.00","523.45","494.50","497.00","519.99","709.90","320.00",333908,"173,627,704.40",9968
"21-Jul-2020","EQ","515.40","528.00","511.10","514.70","522.30","523.45","522.07","709.90","320.00",369070,"192,679,316.70",29464
"20-Jul-2020","EQ","520.90","522.00","510.00","514.00","511.30","514.70","514.65","709.90","320.00",156896,"80,746,027.25",10197
"17-Jul-2020","EQ","524.10","524.10","510.15","524.10","515.65","514.00","514.47","709.90","320.00",265616,"136,651,691.35",24200
"16-Jul-2020","EQ","503.00","528.70","502.05","500.30","523.35","524.10","523.45","709.90","320.00",1959461,"1,025,671,674.85",33054
"15-Jul-2020","EQ","485.95","512.00","484.00","484.95","498.15","500.30","500.48","709.90","320.00",371658,"186,007,606.30",19054
"14-Jul-2020","EQ","480.15","489.00","475.55","480.15","484.50","484.95","484.74","709.90","320.00",132733,"64,340,598.55",4376
"13-Jul-2020","EQ","482.75","489.00","479.15","475.25","480.25","480.15","483.17","709.90","320.00",164073,"79,275,006.85",6823
"10-Jul-2020","EQ","476.00","483.00","468.00","479.50","480.00","475.25","477.78","731.05","320.00",222582,"106,344,715.70",10070
"09-Jul-2020","EQ","464.90","484.00","460.00","463.50","480.10","479.50","477.75","731.05","320.00",351981,"168,159,714.05",16515
"08-Jul-2020","EQ","478.75","478.75","460.00","474.90","463.70","463.50","465.01","731.05","320.00",174213,"81,011,455.80",6668
"07-Jul-2020","EQ","469.75","480.10","468.00","479.60","474.90","474.90","475.73","731.05","320.00",230434,"109,623,408.45",9409
"06-Jul-2020","EQ","507.00","527.90","463.10","476.65","473.05","479.60","500.86","731.05","320.00",1566381,"784,530,881.40",51072
"03-Jul-2020","EQ","471.70","483.60","463.00","471.75","481.00","476.65","476.11","774.00","320.00",144255,"68,680,572.90",9014
"02-Jul-2020","EQ","455.00","494.95","453.95","452.00","468.00","471.75","479.09","774.00","320.00",601994,"288,406,941.80",20236
"01-Jul-2020","EQ","446.35","455.40","440.15","446.25","455.00","452.00","448.36","774.00","320.00",37827,"16,960,075.35",2199
"30-Jun-2020","EQ","445.00","457.00","440.55","445.35","446.15","446.25","448.07","774.00","320.00",38667,"17,325,528.40",2798
"29-Jun-2020","EQ","450.00","450.95","436.60","445.05","446.40","445.35","443.92","774.00","320.00",31729,"14,085,059.65",2268
"26-Jun-2020","EQ","445.00","455.95","441.50","439.75","442.00","445.05","447.47","793.50","320.00",79209,"35,443,931.35",9652
"25-Jun-2020","EQ","437.00","449.00","437.00","451.20","439.00","439.75","441.72","793.50","320.00",33184,"14,657,964.65",2072
"24-Jun-2020","EQ","459.95","459.95","444.10","454.40","456.00","451.20","451.07","793.50","320.00",72374,"32,645,807.00",3951
"23-Jun-2020","EQ","452.65","459.85","446.00","452.65","456.00","454.40","453.82","793.50","320.00",46953,"21,308,221.00",2814
"22-Jun-2020","EQ","454.00","461.80","436.00","448.05","452.00","452.65","448.52","793.50","320.00",109204,"48,980,094.05",5616
"19-Jun-2020","EQ","460.10","473.80","445.25","461.05","447.00","448.05","456.08","898.95","320.00",93779,"42,770,778.50",5802
"18-Jun-2020","EQ","445.55","488.00","445.00","426.00","460.60","461.05","465.83","898.95","320.00",619640,"288,649,124.30",20738
"17-Jun-2020","EQ","426.80","435.00","420.00","425.40","434.00","426.00","425.99","898.95","320.00",1763038,"751,028,320.70",2930
"16-Jun-2020","EQ","406.20","429.60","405.00","405.05","426.20","425.40","420.06","898.95","320.00",150075,"63,040,048.15",4778
"15-Jun-2020","EQ","403.80","408.45","400.10","399.85","406.75","405.05","404.44","898.95","320.00",30144,"12,191,579.50",1726
"12-Jun-2020","EQ","393.85","404.80","390.00","400.80","398.50","399.85","397.81","949.00","320.00",54400,"21,641,033.70",3144
"11-Jun-2020","EQ","410.00","418.05","398.55","408.00","399.90","400.80","408.13","949.00","320.00",71824,"29,313,611.20",3567
"10-Jun-2020","EQ","425.00","425.00","404.00","429.00","407.40","408.00","410.53","949.00","320.00",156683,"64,323,708.35",8163
"09-Jun-2020","EQ","436.70","444.45","427.00","431.15","429.50","429.00","435.82","949.00","320.00",180538,"78,681,970.00",12647
"08-Jun-2020","EQ","426.90","436.00","423.50","416.60","431.50","431.15","430.18","949.00","320.00",168335,"72,413,986.85",11140
"05-Jun-2020","EQ","416.15","425.00","411.50","414.90","417.95","416.60","418.24","949.95","320.00",87832,"36,735,093.05",5762
"04-Jun-2020","EQ","423.80","430.00","413.00","419.95","415.00","414.90","420.49","949.95","320.00",79052,"33,240,322.25",5810
"03-Jun-2020","EQ","414.80","430.30","411.00","410.55","421.00","419.95","420.13","949.95","320.00",219647,"92,280,756.70",13654
"02-Jun-2020","EQ","408.00","418.85","402.80","406.35","408.60","410.55","408.70","949.95","320.00",65689,"26,847,143.30",4496
"01-Jun-2020","EQ","398.00","410.85","397.65","396.50","407.00","406.35","406.46","949.95","320.00",42222,"17,161,714.30",4005
"29-May-2020","EQ","416.80","419.80","392.10","416.80","395.00","396.50","399.85","949.95","320.00",152362,"60,922,607.85",5390
"28-May-2020","EQ","411.25","419.70","407.00","406.00","418.00","416.80","415.47","949.95","320.00",28698,"11,923,190.00",3492
"27-May-2020","EQ","404.50","412.45","398.00","404.50","406.20","406.00","406.04","949.95","320.00",113264,"45,989,385.60",2496
"26-May-2020","EQ","389.00","414.95","389.00","392.20","404.20","404.50","406.43","949.95","320.00",48540,"19,728,038.50",2728
"22-May-2020","EQ","388.95","405.00","384.10","386.25","392.50","392.20","393.40","955.00","320.00",24835,"9,770,075.35",2323
"21-May-2020","EQ","394.00","394.95","385.15","392.70","386.80","386.25","389.46","955.00","320.00",41839,"16,294,684.45",2617
"20-May-2020","EQ","390.00","396.95","389.05","390.50","393.50","392.70","392.84","955.00","320.00",18772,"7,374,454.45",2511
"19-May-2020","EQ","386.40","403.00","385.00","385.40","391.95","390.50","391.70","955.00","320.00",31334,"12,273,424.00",2299
"18-May-2020","EQ","422.10","425.00","383.55","426.35","389.00","385.40","393.01","955.00","320.00",49502,"19,454,533.80",3890
"15-May-2020","EQ","434.00","440.55","420.00","432.35","425.50","426.35","428.22","984.00","320.00",43279,"18,532,932.45",3258
"14-May-2020","EQ","438.60","441.00","430.15","442.60","432.00","432.35","433.20","984.00","320.00",10632,"4,605,770.10",883
"13-May-2020","EQ","438.00","455.05","436.00","432.45","441.55","442.60","444.92","984.00","320.00",27320,"12,155,098.20",2235
"12-May-2020","EQ","431.00","435.60","426.00","431.50","432.85","432.45","431.72","984.00","320.00",22385,"9,664,044.90",1543
"11-May-2020","EQ","445.00","447.35","430.20","442.95","432.15","431.50","436.76","984.00","320.00",21794,"9,518,811.50",1535
"08-May-2020","EQ","468.00","475.00","440.65","467.35","441.00","442.95","454.74","1,148.50","320.00",41093,"18,686,592.40",2857
"07-May-2020","EQ","432.00","498.90","428.25","430.25","461.00","467.35","481.38","1,148.50","320.00",340522,"163,919,749.85",16694
"06-May-2020","EQ","436.00","439.95","424.90","436.95","430.00","430.25","432.37","1,148.50","320.00",15064,"6,513,190.90",2552
"05-May-2020","EQ","448.00","450.80","435.00","446.65","436.00","436.95","444.29","1,148.50","320.00",9781,"4,345,627.80",1594
"04-May-2020","EQ","458.00","458.00","442.45","465.05","445.00","446.65","447.90","1,148.50","320.00",12564,"5,627,379.00",1486
"30-Apr-2020","EQ","473.50","476.45","462.15","465.75","466.80","465.05","468.62","1,154.90","320.00",17719,"8,303,470.45",1402
"29-Apr-2020","EQ","474.50","475.60","461.40","465.90","462.00","465.75","469.88","1,154.90","320.00",12756,"5,993,807.00",1330
"28-Apr-2020","EQ","455.90","488.80","445.00","447.45","468.00","465.90","472.80","1,154.90","320.00",33967,"16,059,650.65",3432
"27-Apr-2020","EQ","441.00","454.95","438.00","441.20","448.00","447.45","448.31","1,154.90","320.00",8547,"3,831,744.80",1245
"24-Apr-2020","EQ","458.00","459.00","422.65","458.10","440.00","441.20","440.24","1,154.90","320.00",25577,"11,260,006.40",1679
"23-Apr-2020","EQ","438.80","468.00","438.80","437.75","460.80","458.10","456.88","1,154.90","320.00",19230,"8,785,796.35",2047
"22-Apr-2020","EQ","443.60","451.00","420.00","443.60","438.80","437.75","438.93","1,154.90","320.00",15444,"6,778,780.20",1383
"21-Apr-2020","EQ","456.00","463.00","437.10","466.05","442.00","443.60","442.71","1,154.90","320.00",17713,"7,841,723.50",1498
"20-Apr-2020","EQ","471.90","474.95","461.05","469.20","465.50","466.05","469.74","1,154.90","320.00",23932,"11,241,716.25",1680
"17-Apr-2020","EQ","470.00","485.90","466.00","464.35","470.00","469.20","473.42","1,154.90","320.00",58887,"27,878,045.80",4620
"16-Apr-2020","EQ","441.00","512.00","436.30","446.55","462.00","464.35","488.75","1,154.90","320.00",413503,"202,099,221.45",25760
"15-Apr-2020","EQ","423.50","468.00","410.00","406.40","444.00","446.55","443.93","1,154.90","320.00",157103,"69,742,421.35",19264
"13-Apr-2020","EQ","372.00","418.00","370.10","374.55","405.60","406.40","402.10","1,154.90","320.00",77445,"31,140,683.65",8002
"09-Apr-2020","EQ","364.90","381.85","364.90","360.65","374.00","374.55","373.61","1,154.90","320.00",19370,"7,236,729.10",1638
"08-Apr-2020","EQ","370.95","376.00","360.00","370.75","362.95","360.65","367.11","1,154.90","320.00",24722,"9,075,642.35",2801
"07-Apr-2020","EQ","380.00","380.00","368.05","373.75","370.00","370.75","371.84","1,154.90","320.00",28031,"10,422,947.40",3870
"03-Apr-2020","EQ","364.00","375.00","360.05","361.70","374.00","373.75","367.91","1,155.90","320.00",8246,"3,033,796.55",757
"01-Apr-2020","EQ","365.05","366.95","358.15","365.40","364.85","361.70","362.59","1,155.90","320.00",6632,"2,404,718.90",671
"31-Mar-2020","EQ","374.00","379.00","362.00","370.40","364.00","365.40","368.13","1,155.90","320.00",14866,"5,472,595.20",1594
"30-Mar-2020","EQ","370.00","391.00","364.10","373.75","367.00","370.40","378.04","1,155.90","320.00",41825,"15,811,492.60",8145
"27-Mar-2020","EQ","380.20","388.95","372.60","383.75","374.00","373.75","380.78","1,158.05","320.00",22634,"8,618,599.80",2416
"26-Mar-2020","EQ","374.90","395.00","367.00","375.10","385.00","383.75","384.22","1,158.05","320.00",25093,"9,641,114.05",3334
"25-Mar-2020","EQ","373.20","384.40","373.15","381.85","375.00","375.10","376.47","1,158.05","320.00",15462,"5,820,992.60",1443
"24-Mar-2020","EQ","361.60","443.30","320.00","369.45","387.00","381.85","386.50","1,158.05","320.00",42557,"16,448,223.35",3173
"23-Mar-2020","EQ","360.00","376.40","330.00","376.25","372.00","369.45","367.34","1,158.05","330.00",18541,"6,810,833.45",1137
"20-Mar-2020","EQ","352.00","404.95","352.00","353.55","378.00","376.25","385.36","1,174.95","345.00",31031,"11,958,088.70",2566
"19-Mar-2020","EQ","370.00","379.80","345.00","386.70","355.00","353.55","360.89","1,174.95","345.00",26808,"9,674,746.60",2183
"18-Mar-2020","EQ","402.00","402.15","383.45","392.80","390.90","386.70","387.81","1,174.95","370.65",33179,"12,867,022.80",1465
"17-Mar-2020","EQ","414.00","420.50","390.65","414.85","394.40","392.80","403.14","1,174.95","370.65",16721,"6,740,880.55",1704
"16-Mar-2020","EQ","451.55","451.55","410.00","460.20","415.00","414.85","423.72","1,174.95","370.65",23337,"9,888,458.25",3047
"13-Mar-2020","EQ","440.00","465.00","370.65","463.30","462.00","460.20","442.86","1,174.95","370.65",22288,"9,870,499.45",1779
"12-Mar-2020","EQ","480.00","480.00","456.60","495.30","468.05","463.30","467.25","1,174.95","387.50",26059,"12,176,090.75",1793
"11-Mar-2020","EQ","492.30","510.00","486.40","502.75","495.10","495.30","498.51","1,174.95","387.50",22789,"11,360,490.85",1822
"09-Mar-2020","EQ","570.00","579.85","485.65","582.60","499.90","502.75","513.41","1,174.95","387.50",145501,"74,702,000.60",3768
"06-Mar-2020","EQ","564.00","605.00","535.05","573.00","578.00","582.60","548.64","1,174.95","387.50",225710,"123,832,508.70",3641
"05-Mar-2020","EQ","575.00","585.05","556.85","567.25","576.00","573.00","565.30","1,174.95","387.50",163410,"92,376,399.30",3355
"04-Mar-2020","EQ","549.00","608.00","536.30","540.25","565.10","567.25","571.72","1,174.95","387.50",367906,"210,338,553.15",11589
"03-Mar-2020","EQ","520.70","550.00","520.70","520.65","544.00","540.25","537.07","1,174.95","387.50",190857,"102,503,567.30",1069
"02-Mar-2020","EQ","550.85","568.00","445.00","542.65","519.95","520.65","512.80","1,174.95","387.50",49811,"25,542,982.75",3099
"28-Feb-2020","EQ","572.00","572.00","528.60","577.50","543.00","542.65","541.70","1,174.95","387.50",20852,"11,295,613.90",2022
"27-Feb-2020","EQ","588.60","594.20","575.00","588.55","580.00","577.50","580.45","1,174.95","387.50",9064,"5,261,216.80",1111
"26-Feb-2020","EQ","591.00","617.70","587.00","604.05","587.35","588.55","598.90","1,174.95","387.50",27696,"16,587,173.75",4019
"25-Feb-2020","EQ","610.00","618.95","601.20","616.95","602.00","604.05","609.03","1,174.95","387.50",12927,"7,872,926.15",1152
"24-Feb-2020","EQ","615.00","632.45","613.25","623.30","622.10","616.95","623.38","1,174.95","387.50",25660,"15,996,053.65",3738
"20-Feb-2020","EQ","603.10","629.40","603.10","609.20","623.95","623.30","620.27","1,174.95","387.50",22799,"14,141,456.45",2002
"19-Feb-2020","EQ","602.00","620.65","600.65","602.60","610.00","609.20","607.77","1,174.95","387.50",37230,"22,627,238.25",2712
"18-Feb-2020","EQ","619.00","623.90","598.00","608.50","601.00","602.60","608.94","1,174.95","387.50",27166,"16,542,372.70",4106
"17-Feb-2020","EQ","619.55","621.75","605.15","617.65","610.90","608.50","612.30","1,174.95","387.50",15086,"9,237,141.45",1299
"14-Feb-2020","EQ","628.70","640.00","615.55","625.20","615.65","617.65","630.39","1,174.95","387.50",25184,"15,875,763.30",2217
"13-Feb-2020","EQ","616.00","648.00","616.00","616.25","630.25","625.20","633.15","1,174.95","387.50",40466,"25,621,181.80",3147
"12-Feb-2020","EQ","610.10","637.85","610.10","621.65","615.10","616.25","621.49","1,174.95","387.50",26036,"16,181,169.20",1953
"11-Feb-2020","EQ","625.80","628.55","612.05","616.95","621.10","621.65","618.39","1,174.95","387.50",15626,"9,662,993.40",1551
"10-Feb-2020","EQ","635.00","636.05","613.05","633.65","614.25","616.95","621.65","1,174.95","387.50",18505,"11,503,725.20",1932
"07-Feb-2020","EQ","627.00","638.35","627.00","632.55","634.00","633.65","634.23","1,174.95","387.50",13833,"8,773,346.15",1112